-- -----------------------------------------------------
-- Schema scage
-- -----------------------------------------------------
CREATE SCHEMA IF NOT EXISTS scage DEFAULT CHARACTER SET utf8mb4 COLLATE utf8mb4_0900_ai_ci ;
USE scage ;


CREATE TABLE users (
  id BINARY(36) NOT NULL,
  name VARCHAR(150) NOT NULL,
  email VARCHAR(150) NOT NULL,
  sex ENUM('Masculino', 'Feminino') NOT NULL,
  isEnable TINYINT(1) NULL DEFAULT 1,
  modifiedOn DATETIME NULL DEFAULT NULL,
  createdOn DATETIME NULL DEFAULT NULL,
  createdBy BINARY(36) NULL DEFAULT NULL,
  modifiedBy BINARY(36) NULL DEFAULT NULL,
  PRIMARY KEY (id)
);

INSERT INTO users (id, name, email, sex, isEnable, modifiedOn, createdOn, createdBy, modifiedBy) VALUES ('1467d3c0-00a3-4395-aba1-28894cef1128','Ana Silva Gomes','anaSilva@gmail.com','Feminino',1,'2023-05-27 11:09:44','2023-05-23 21:11:33','93891a11-1743-4bd4-bf46-498244f86bfc','3506ce60-dc6c-45e6-8bdb-16a59dade0b8');
INSERT INTO users (id, name, email, sex, isEnable, modifiedOn, createdOn, createdBy, modifiedBy) VALUES ('2a3722ee-98af-44d0-bc1a-dabc889011bf','Lucas Nunes','lucas@gmail.com','Masculino',0,'2023-05-17 21:38:29','2023-05-08 22:09:12','6407e5d7-ba50-46bb-84e5-79d13b3673d5','b5897bc8-b441-40a6-941c-22802c6c5cca');
INSERT INTO users (id, name, email, sex, isEnable, modifiedOn, createdOn, createdBy, modifiedBy) VALUES ('2abd750c-6ddb-4be6-9b11-2958a6bb4450','Geovana Abreu','geovanaAbreu@gmail.com','Feminino',1,'2023-05-29 20:44:37','2023-05-29 20:44:22','03e76e44-c19d-4835-9e1e-ad50715a6dce','8afbccaf-50a8-4ac1-8e46-b156417f2db7');
INSERT INTO users (id, name, email, sex, isEnable, modifiedOn, createdOn, createdBy, modifiedBy) VALUES ('3f7ad275-2dd6-4438-abd0-d29ca3eab0b2','Silvia','silvia@gmail.com','Feminino',1,NULL,'2023-05-29 20:36:07','2e37bacf-978a-47b3-9df1-05f862e233c5',NULL);
INSERT INTO users (id, name, email, sex, isEnable, modifiedOn, createdOn, createdBy, modifiedBy) VALUES ('515b43d4-d975-44da-89e0-a656a9d69cfa','Luana Teixeira','luanaTeixeira@gmail.com','Feminino',0,'2023-12-08 21:02:08','2023-05-23 21:11:15','e3c3da78-a1ff-4977-9c0d-0b3955620d92','3a16a5ef-6072-40d0-a988-feb9c73c8e4e');
INSERT INTO users (id, name, email, sex, isEnable, modifiedOn, createdOn, createdBy, modifiedBy) VALUES ('55b90350-c801-4c72-aea1-0a803df6aa19','Cristiane','cristiane@gmail.com','Feminino',1,NULL,'2023-05-23 21:12:02','21deacc9-9f64-469a-b0dc-c817b2b4c565',NULL);
INSERT INTO users (id, name, email, sex, isEnable, modifiedOn, createdOn, createdBy, modifiedBy) VALUES ('642381eb-40d2-49b5-9868-97225a6e5bd1','Ana Gonçalves','anaGoncalves@gmail.com','Feminino',0,'2023-05-17 21:38:44','2023-04-30 00:36:44','c6885f96-690e-45db-a842-80dcd706028e','8d008c65-5361-4b58-8cf6-590d82ec2efc');
INSERT INTO users (id, name, email, sex, isEnable, modifiedOn, createdOn, createdBy, modifiedBy) VALUES ('6dbe27f8-fdf4-45e7-a072-1f7bfe7075d5','Tiago Lopes','tiagoLopes@gmail.com','Masculino',1,'2023-05-13 21:28:37','2023-04-30 00:36:10','592e8555-919d-4d00-aa1b-b0bb08f528be','16b1d1b0-f9ce-419e-985f-688e88b6e553');
INSERT INTO users (id, name, email, sex, isEnable, modifiedOn, createdOn, createdBy, modifiedBy) VALUES ('7a7be00c-9dd4-4071-86c4-efcf038ddf97','Guilherme Gomes','guilherme@gmail.com','Masculino',1,'2023-05-20 21:19:31','2023-05-20 20:07:45','08bb0235-620a-43a3-88fd-784047d5f30b','ea746e7e-b1ea-4c18-a992-eb1d36bc199c');
INSERT INTO users (id, name, email, sex, isEnable, modifiedOn, createdOn, createdBy, modifiedBy) VALUES ('839f3799-9268-4f2e-9906-2905fbf7dbd8','Chico Gonçalves','chico14@gmail.com','Masculino',1,'2023-05-17 21:29:51','2023-04-29 18:48:29','403e15dd-2eb0-4009-93a1-dd471adbb76e','b0f23926-8a0d-4664-aaa3-458ecd296bdf');
INSERT INTO users (id, name, email, sex, isEnable, modifiedOn, createdOn, createdBy, modifiedBy) VALUES ('83c6f2d5-d3a6-401e-b292-11d212213d94','João Gustavo','joaoGustavo@gmail.com','Masculino',1,NULL,'2023-05-29 20:35:47','21b5c88e-4c92-4aa1-bf47-2fd2413fe23e',NULL);
INSERT INTO users (id, name, email, sex, isEnable, modifiedOn, createdOn, createdBy, modifiedBy) VALUES ('989ce330-76a5-476b-9a88-70d6c4a2793b','Francisco Lucas','franciscoLuca@Gmail.com','Masculino',1,NULL,'2023-05-08 22:08:05','ac4970df-5af3-452d-bc2b-f9c98daa9991',NULL);
INSERT INTO users (id, name, email, sex, isEnable, modifiedOn, createdOn, createdBy, modifiedBy) VALUES ('992c2a38-6ca7-4da3-a3e6-553e995a5863','Luiza Silva','luizaSilva@Gmail.com','Masculino',0,'2023-05-17 21:38:50','2023-05-08 22:08:49','4e633a1e-e615-4a55-b3cd-f73bca181ee7','1de47624-a6ad-4937-b3aa-4fa5839a7399');
INSERT INTO users (id, name, email, sex, isEnable, modifiedOn, createdOn, createdBy, modifiedBy) VALUES ('9ad2bafd-9b58-46db-8138-56cb4d400b6f','José Gustavo','joseGustavo@gmail.com','Masculino',0,'2023-05-27 11:49:06','2023-04-29 18:51:57','1427217c-4476-4794-a7be-600d5db31efc','be928b16-3fe2-413c-9d30-2d2a9154f924');
INSERT INTO users (id, name, email, sex, isEnable, modifiedOn, createdOn, createdBy, modifiedBy) VALUES ('a9ffabe5-98e7-4618-b6d9-84b6cbc5314e','Diana Gomes','dianaGomes14@gmail.com','Feminino',1,'2023-05-16 20:16:11','2023-04-29 18:49:31','591b9f2a-14cd-453a-af2e-1bd364a69a99','36879084-3015-4b22-90dc-784fc16a09ab');
INSERT INTO users (id, name, email, sex, isEnable, modifiedOn, createdOn, createdBy, modifiedBy) VALUES ('b58225d5-15cc-44fb-95fe-81c77aa6870d','Antonio Luis','antonioLuis@Gmail.com','Masculino',1,NULL,'2023-05-08 22:08:31','5a8c9e13-eaab-4d99-a112-d55d0ccc3e7e',NULL);
INSERT INTO users (id, name, email, sex, isEnable, modifiedOn, createdOn, createdBy, modifiedBy) VALUES ('d0cf6291-86c4-4c8c-b769-96540d1845d9','Daniel Franco','daniel@gmail.com','Masculino',1,'2023-07-26 09:13:21','2023-05-19 08:23:43','73d2d922-b25a-4223-bb18-cea915a18a71','9d72b314-9bf2-4533-97ea-b03b9ad82672');
INSERT INTO users (id, name, email, sex, isEnable, modifiedOn, createdOn, createdBy, modifiedBy) VALUES ('d4fcb4da-fca4-4738-a957-b06f602cef39','Davi','davi@gmail.com','Masculino',0,'2023-05-19 08:24:22','2023-05-19 08:23:06','eab24838-c6da-44e6-86b8-10a093ca2809','8bfc924c-f3fd-4320-8536-8a7a87e20e7b');
INSERT INTO users (id, name, email, sex, isEnable, modifiedOn, createdOn, createdBy, modifiedBy) VALUES ('ece095e7-b3c9-4eb5-98b7-96a021052d0c','Gomes Teixeira','gomesSilva@gmail.com','Masculino',1,'2023-05-20 20:08:09','2023-05-20 20:07:19','959806c8-bcdd-446c-9ab4-81db5bf80ddf','5d69b3b8-11fa-4242-ae5b-1dbc89d3ced1');


CREATE TABLE month (
  id BINARY(36) NOT NULL,
  name VARCHAR(45) NOT NULL,
  transmissions INT NOT NULL,
  start DATETIME NOT NULL,
  end DATETIME NOT NULL,
  status ENUM('IN_PROGRESS', 'COMPLETE') NOT NULL,
  isEnable TINYINT(1) NOT NULL DEFAULT 1,
  modifiedOn DATETIME NULL DEFAULT NULL,
  createdOn DATETIME NULL DEFAULT NULL,
  createdBy BINARY(36) NULL DEFAULT NULL,
  modifiedBy BINARY(36) NULL DEFAULT NULL,
  PRIMARY KEY (id)
);

INSERT INTO month (id, name, transmissions, start, end, status, isEnable, modifiedOn, createdOn, createdBy, modifiedBy) VALUES ('175de620-3be7-470a-9a72-63ac38870ce0','Agosto',3,'2023-08-01 00:00:00','2023-08-31 00:00:00','COMPLETE',1,'2023-11-03 22:58:50','2023-08-18 22:06:50','33b553d2-59a1-4146-a10d-142570b5c086','325dfca3-4e6d-4758-935c-c32db1a22736');
INSERT INTO month (id, name, transmissions, start, end, status, isEnable, modifiedOn, createdOn, createdBy, modifiedBy) VALUES ('33fcf207-fe46-4fe8-9323-4c0f65b2d502','Agosto',3,'2023-08-01 00:00:00','2023-08-31 00:00:00','COMPLETE',1,'2023-12-07 20:28:49','2023-07-26 08:51:48','41b2ab90-61fc-4ad9-99ff-c641006605b0','7ad85041-bc92-425d-a6e6-b3d0848337ec');
INSERT INTO month (id, name, transmissions, start, end, status, isEnable, modifiedOn, createdOn, createdBy, modifiedBy) VALUES ('34f0df7f-2ded-4e24-b560-005a78f43662','Month to delete',2,'2023-12-01 00:00:00','2023-12-31 00:00:00','IN_PROGRESS',1,'2023-12-22 19:33:47','2023-12-07 20:24:43','9b0582c8-ecf2-4bbd-95e9-f6e23a5e6fea','6988d7cf-c860-48f5-a65c-d28283db834d');
INSERT INTO month (id, name, transmissions, start, end, status, isEnable, modifiedOn, createdOn, createdBy, modifiedBy) VALUES ('3585bc69-ba6b-4e6a-bf6c-13c2f286b2bb','Junho',9,'2023-06-01 00:00:00','2023-06-30 00:00:00','COMPLETE',1,'2023-11-21 11:48:16','2023-11-12 15:29:15','45a9b799-b916-4b0d-9606-5cbedb7676db','735ae365-b38b-4b61-ac9e-a1f2e638c9ba');
INSERT INTO month (id, name, transmissions, start, end, status, isEnable, modifiedOn, createdOn, createdBy, modifiedBy) VALUES ('3644324a-fa5c-4f62-be80-1ad625dab24b','Julho',4,'2023-08-06 00:00:00','2023-08-31 00:00:00','COMPLETE',1,'2023-10-31 20:34:53','2023-08-16 21:28:27','40b118cc-7ae6-4a96-9d42-d296535ea6cf','63059285-9a11-46d4-befd-b5b16b33c78b');
INSERT INTO month (id, name, transmissions, start, end, status, isEnable, modifiedOn, createdOn, createdBy, modifiedBy) VALUES ('7e33bd63-8d88-490e-b625-c96caa72dcfe','Outubro',3,'2023-10-01 00:00:00','2023-10-31 00:00:00','IN_PROGRESS',1,NULL,'2023-09-13 21:43:39','0eb4fc1e-dfee-4608-b71b-6405ecc59927',NULL);
INSERT INTO month (id, name, transmissions, start, end, status, isEnable, modifiedOn, createdOn, createdBy, modifiedBy) VALUES ('8aa449a9-fa45-4e02-8ff4-3e815d3d76d2','Agosto',2,'2023-08-01 00:00:00','2023-08-31 00:00:00','COMPLETE',1,'2023-10-21 21:44:30','2023-07-25 21:51:11','377ea9a3-8e38-44f0-ae68-d556fdf61ce0','acf44ca8-ec90-4200-8578-375c42e87317');
INSERT INTO month (id, name, transmissions, start, end, status, isEnable, modifiedOn, createdOn, createdBy, modifiedBy) VALUES ('94ac24f9-01fc-4abe-ba25-c1d714915955','Setembro',3,'2023-07-08 17:44:06','2023-07-08 17:44:06','COMPLETE',1,'2023-10-31 20:46:12','2023-07-11 21:39:19','c468fffc-f616-49e3-b7cc-1c4984e99e2a','774d62c2-e5d4-468c-af89-9e1ddc87915e');
INSERT INTO month (id, name, transmissions, start, end, status, isEnable, modifiedOn, createdOn, createdBy, modifiedBy) VALUES ('9c44374e-4fc8-4632-9f6d-71814ff0acd6','Mês referente ao teste de dias automáticos',5,'2023-12-01 00:00:00','2023-12-31 00:00:00','IN_PROGRESS',1,'2023-12-13 14:12:17','2023-12-13 14:07:43','cce5d464-80bc-4139-bf0e-79f7bb32c29e','dca8911d-a688-4fb8-a6a8-b87b1926fbd0');
INSERT INTO month (id, name, transmissions, start, end, status, isEnable, modifiedOn, createdOn, createdBy, modifiedBy) VALUES ('a02b2b00-9b49-47d3-a255-8bb00fe08e0e','Setembro',5,'2023-07-08 00:00:00','2023-07-08 00:00:00','COMPLETE',1,'2023-11-03 23:34:47','2023-07-08 16:36:27','d853f1cf-5ba7-451f-a9b9-b22da4032070','a7f98d5c-3d35-4847-87c5-f640063e03b2');
INSERT INTO month (id, name, transmissions, start, end, status, isEnable, modifiedOn, createdOn, createdBy, modifiedBy) VALUES ('b97d7a8b-1885-4a5f-906f-105db9eecf20','Outubro',3,'2023-10-01 00:00:00','2023-10-31 00:00:00','IN_PROGRESS',1,'2023-10-02 21:49:12','2023-09-13 21:42:51','bfa4ed8b-b1b1-4403-bc36-57b6832afc58','cf14f605-17b8-49c2-80f3-2608bbe5d8fc');
INSERT INTO month (id, name, transmissions, start, end, status, isEnable, modifiedOn, createdOn, createdBy, modifiedBy) VALUES ('f688d0ac-adcb-40aa-883f-b0068e2fd0a5','Novembro',6,'2023-11-01 00:00:00','2023-11-30 00:00:00','IN_PROGRESS',1,'2023-10-29 21:12:56','2023-10-27 11:36:54','152fb80b-9dad-4187-8225-0af380c11f1d','6800fbab-7c17-4264-aba6-7628e86955fc');
INSERT INTO month (id, name, transmissions, start, end, status, isEnable, modifiedOn, createdOn, createdBy, modifiedBy) VALUES ('fec8ab8a-28b3-4314-a106-38d618f4f19e','mês referente a 2024 - Janeiro',14,'2024-01-01 00:00:00','2024-01-31 00:00:00','IN_PROGRESS',1,'2023-12-13 15:05:43','2023-12-13 15:04:04','f47dba24-7b7b-4313-b1a2-d490ec6dfb5a','5da2f566-8824-4fe4-8fa4-efe81c78aecf');


CREATE TABLE  day (
  id BINARY(36) NOT NULL,
  name VARCHAR(45) NOT NULL,
  date DATETIME NOT NULL,
  cameraOne BINARY(36) NOT NULL,
  cameraTwo BINARY(36) NOT NULL,
  cutDesk BINARY(36) NOT NULL,
  month BINARY(36) NOT NULL,
  isEnable TINYINT(1) NOT NULL DEFAULT 1,
  modifiedOn DATETIME NULL DEFAULT NULL,
  createdOn DATETIME NULL DEFAULT NULL,
  createdBy BINARY(36) NULL DEFAULT NULL,
  modifiedBy BINARY(36) NULL DEFAULT NULL,
  PRIMARY KEY (id, month),
  CONSTRAINT cameraOne
    FOREIGN KEY (cameraOne)
    REFERENCES users (id),
  CONSTRAINT cameraTwo
    FOREIGN KEY (cameraTwo)
    REFERENCES users (id),
  CONSTRAINT cutDesk
    FOREIGN KEY (cutDesk)
    REFERENCES users (id),
  CONSTRAINT month
    FOREIGN KEY (month)
    REFERENCES month (id)
);

INSERT INTO day (id, name, date, cameraOne, cameraTwo, cutDesk, month, isEnable, modifiedOn, createdOn, createdBy, modifiedBy) VALUES ('06ecec6c-3d1b-45c1-8ed6-66c3f6a48637','Missa por cura e libertação','2024-01-22 07:00:00','7a7be00c-9dd4-4071-86c4-efcf038ddf97','1467d3c0-00a3-4395-aba1-28894cef1128','3f7ad275-2dd6-4438-abd0-d29ca3eab0b2','fec8ab8a-28b3-4314-a106-38d618f4f19e',1,NULL,'2023-12-13 15:04:04','cd0f7677-7544-4327-a0cb-53d72b8658fe',NULL);
INSERT INTO day (id, name, date, cameraOne, cameraTwo, cutDesk, month, isEnable, modifiedOn, createdOn, createdBy, modifiedBy) VALUES ('09d29af4-c359-4b36-a326-550dd43f1ae2','Missa por cura e libertação','2023-07-16 19:00:06','83c6f2d5-d3a6-401e-b292-11d212213d94','6dbe27f8-fdf4-45e7-a072-1f7bfe7075d5','3f7ad275-2dd6-4438-abd0-d29ca3eab0b2','a02b2b00-9b49-47d3-a255-8bb00fe08e0e',1,NULL,'2023-07-08 16:36:27','c5bb16d5-b567-40f6-a505-3d1981979909',NULL);
INSERT INTO day (id, name, date, cameraOne, cameraTwo, cutDesk, month, isEnable, modifiedOn, createdOn, createdBy, modifiedBy) VALUES ('0b3a6ded-a09e-4139-8279-82cc40005a73','Missa novena','2024-01-02 06:00:00','2abd750c-6ddb-4be6-9b11-2958a6bb4450','55b90350-c801-4c72-aea1-0a803df6aa19','d0cf6291-86c4-4c8c-b769-96540d1845d9','fec8ab8a-28b3-4314-a106-38d618f4f19e',1,NULL,'2023-12-13 15:04:04','7dec55f0-0ec9-445f-b574-ea54fcfe9d66',NULL);
INSERT INTO day (id, name, date, cameraOne, cameraTwo, cutDesk, month, isEnable, modifiedOn, createdOn, createdBy, modifiedBy) VALUES ('0e98a0e2-3897-49df-b389-bf8f3b47b3e3','Missa por cura e libertação','2024-01-08 07:00:00','ece095e7-b3c9-4eb5-98b7-96a021052d0c','989ce330-76a5-476b-9a88-70d6c4a2793b','3f7ad275-2dd6-4438-abd0-d29ca3eab0b2','fec8ab8a-28b3-4314-a106-38d618f4f19e',1,NULL,'2023-12-13 15:04:04','e4d591ef-3d4c-4431-9a34-6e717ae8038a',NULL);
INSERT INTO day (id, name, date, cameraOne, cameraTwo, cutDesk, month, isEnable, modifiedOn, createdOn, createdBy, modifiedBy) VALUES ('0f34d534-3cda-4489-82ab-3bbd934623b4','Missa test','2023-11-16 07:00:00','d0cf6291-86c4-4c8c-b769-96540d1845d9','83c6f2d5-d3a6-401e-b292-11d212213d94','515b43d4-d975-44da-89e0-a656a9d69cfa','175de620-3be7-470a-9a72-63ac38870ce0',1,NULL,'2023-11-03 22:58:50','9e36412e-ec4d-4cb9-be13-599fde95f6e2',NULL);
INSERT INTO day (id, name, date, cameraOne, cameraTwo, cutDesk, month, isEnable, modifiedOn, createdOn, createdBy, modifiedBy) VALUES ('0fde48a3-3404-440a-b8fe-117b6ea04ee6','Missa 2º dia - festejos São Benedito','2023-06-02 19:00:00','83c6f2d5-d3a6-401e-b292-11d212213d94','ece095e7-b3c9-4eb5-98b7-96a021052d0c','515b43d4-d975-44da-89e0-a656a9d69cfa','3585bc69-ba6b-4e6a-bf6c-13c2f286b2bb',1,NULL,'2023-11-12 15:31:49','d9fb2bf9-8aa0-4b3e-b162-610b86d721f5',NULL);
INSERT INTO day (id, name, date, cameraOne, cameraTwo, cutDesk, month, isEnable, modifiedOn, createdOn, createdBy, modifiedBy) VALUES ('145a4808-92e1-4e11-ab5b-1cb9f91475ea','Missa dominical 01','2023-08-21 19:59:00','989ce330-76a5-476b-9a88-70d6c4a2793b','6dbe27f8-fdf4-45e7-a072-1f7bfe7075d5','a9ffabe5-98e7-4618-b6d9-84b6cbc5314e','3644324a-fa5c-4f62-be80-1ad625dab24b',1,NULL,'2023-08-16 21:28:27','def77365-e594-4a1a-b5e0-24a376d15b84',NULL);
INSERT INTO day (id, name, date, cameraOne, cameraTwo, cutDesk, month, isEnable, modifiedOn, createdOn, createdBy, modifiedBy) VALUES ('15b5ff38-1c53-403c-813c-bf9b37152675','Missa por cura e libertação 01','2023-10-02 00:00:00','7a7be00c-9dd4-4071-86c4-efcf038ddf97','2abd750c-6ddb-4be6-9b11-2958a6bb4450','b58225d5-15cc-44fb-95fe-81c77aa6870d','b97d7a8b-1885-4a5f-906f-105db9eecf20',1,NULL,'2023-09-13 21:42:51','c4ed23bc-6b79-413c-af31-f8db519c9702',NULL);
INSERT INTO day (id, name, date, cameraOne, cameraTwo, cutDesk, month, isEnable, modifiedOn, createdOn, createdBy, modifiedBy) VALUES ('1a53d678-38b5-477b-84af-44f499447dea','Missa dominical','2023-12-17 19:00:00','83c6f2d5-d3a6-401e-b292-11d212213d94','7a7be00c-9dd4-4071-86c4-efcf038ddf97','55b90350-c801-4c72-aea1-0a803df6aa19','9c44374e-4fc8-4632-9f6d-71814ff0acd6',1,NULL,'2023-12-13 14:11:42','07905f88-4138-4fef-9891-7818658e3db5',NULL);
INSERT INTO day (id, name, date, cameraOne, cameraTwo, cutDesk, month, isEnable, modifiedOn, createdOn, createdBy, modifiedBy) VALUES ('1b575569-673e-4eba-871a-a35c9a4a032d','Missa por cura e libertação','2023-08-29 19:00:00','b58225d5-15cc-44fb-95fe-81c77aa6870d','ece095e7-b3c9-4eb5-98b7-96a021052d0c','3f7ad275-2dd6-4438-abd0-d29ca3eab0b2','3644324a-fa5c-4f62-be80-1ad625dab24b',1,NULL,'2023-08-16 21:28:27','b071799c-304c-48de-a5f6-b2f4d7c2750b',NULL);
INSERT INTO day (id, name, date, cameraOne, cameraTwo, cutDesk, month, isEnable, modifiedOn, createdOn, createdBy, modifiedBy) VALUES ('1da25e9c-b2ae-42ae-9683-d689441ea2c8','Missa dominical 3','2023-08-08 19:00:00','d0cf6291-86c4-4c8c-b769-96540d1845d9','839f3799-9268-4f2e-9906-2905fbf7dbd8','1467d3c0-00a3-4395-aba1-28894cef1128','175de620-3be7-470a-9a72-63ac38870ce0',1,NULL,'2023-08-18 22:06:50','71f91e7c-b256-4c40-84be-10215dc706cd',NULL);
INSERT INTO day (id, name, date, cameraOne, cameraTwo, cutDesk, month, isEnable, modifiedOn, createdOn, createdBy, modifiedBy) VALUES ('2227928b-5cc0-446c-aef4-855e313107b2','Missa dominical 1','2023-08-06 19:00:00','b58225d5-15cc-44fb-95fe-81c77aa6870d','83c6f2d5-d3a6-401e-b292-11d212213d94','55b90350-c801-4c72-aea1-0a803df6aa19','175de620-3be7-470a-9a72-63ac38870ce0',0,NULL,'2023-08-18 22:06:50','f42c0958-6e60-4c83-b332-b83252514fe5',NULL);
INSERT INTO day (id, name, date, cameraOne, cameraTwo, cutDesk, month, isEnable, modifiedOn, createdOn, createdBy, modifiedBy) VALUES ('239a2904-3b40-4ce0-b054-667026840830','Missa dominical','2023-11-05 19:00:00','83c6f2d5-d3a6-401e-b292-11d212213d94','d0cf6291-86c4-4c8c-b769-96540d1845d9','a9ffabe5-98e7-4618-b6d9-84b6cbc5314e','f688d0ac-adcb-40aa-883f-b0068e2fd0a5',1,NULL,'2023-10-27 11:36:54','541273b3-abc6-4e4e-84cf-2d9191ea17d3',NULL);
INSERT INTO day (id, name, date, cameraOne, cameraTwo, cutDesk, month, isEnable, modifiedOn, createdOn, createdBy, modifiedBy) VALUES ('292a8f0c-5250-4bec-bbc8-88d03b1ad0b3','Missa dominical 01','2023-10-01 00:00:00','55b90350-c801-4c72-aea1-0a803df6aa19','b58225d5-15cc-44fb-95fe-81c77aa6870d','a9ffabe5-98e7-4618-b6d9-84b6cbc5314e','b97d7a8b-1885-4a5f-906f-105db9eecf20',1,NULL,'2023-09-13 21:42:51','9fc36ecb-c2da-4b69-887f-7e361d5b9853',NULL);
INSERT INTO day (id, name, date, cameraOne, cameraTwo, cutDesk, month, isEnable, modifiedOn, createdOn, createdBy, modifiedBy) VALUES ('2b0502b2-793a-44a2-8a48-b36923936875','Missa dominical','2024-01-14 07:00:00','3f7ad275-2dd6-4438-abd0-d29ca3eab0b2','b58225d5-15cc-44fb-95fe-81c77aa6870d','1467d3c0-00a3-4395-aba1-28894cef1128','fec8ab8a-28b3-4314-a106-38d618f4f19e',1,NULL,'2023-12-13 15:04:04','65a9e1b7-9ec1-4e8d-af16-19b703a76f5d',NULL);
INSERT INTO day (id, name, date, cameraOne, cameraTwo, cutDesk, month, isEnable, modifiedOn, createdOn, createdBy, modifiedBy) VALUES ('2df3f637-e846-4033-aee0-1659302d3e33','Missa novena','2023-08-17 19:00:00','7a7be00c-9dd4-4071-86c4-efcf038ddf97','83c6f2d5-d3a6-401e-b292-11d212213d94','1467d3c0-00a3-4395-aba1-28894cef1128','3644324a-fa5c-4f62-be80-1ad625dab24b',1,NULL,'2023-08-16 21:28:27','6f24a751-2b4a-4d24-bc4a-04acfe6b6016',NULL);
INSERT INTO day (id, name, date, cameraOne, cameraTwo, cutDesk, month, isEnable, modifiedOn, createdOn, createdBy, modifiedBy) VALUES ('3d71e43b-9928-4c4c-bd77-89e7df63668d','Missa dominical','2023-10-08 19:00:00','ece095e7-b3c9-4eb5-98b7-96a021052d0c','7a7be00c-9dd4-4071-86c4-efcf038ddf97','515b43d4-d975-44da-89e0-a656a9d69cfa','a02b2b00-9b49-47d3-a255-8bb00fe08e0e',1,NULL,'2023-11-03 23:21:21','df8b966a-7b12-4e6a-8e56-60549dd8a6fa',NULL);
INSERT INTO day (id, name, date, cameraOne, cameraTwo, cutDesk, month, isEnable, modifiedOn, createdOn, createdBy, modifiedBy) VALUES ('3f465394-f7cd-4a30-a9f8-592ca3ac9f88','Missa por cura e libertação','2024-01-15 07:00:00','d0cf6291-86c4-4c8c-b769-96540d1845d9','a9ffabe5-98e7-4618-b6d9-84b6cbc5314e','ece095e7-b3c9-4eb5-98b7-96a021052d0c','fec8ab8a-28b3-4314-a106-38d618f4f19e',1,NULL,'2023-12-13 15:04:04','af09c1c6-4ae8-4362-a81c-c813365e40f2',NULL);
INSERT INTO day (id, name, date, cameraOne, cameraTwo, cutDesk, month, isEnable, modifiedOn, createdOn, createdBy, modifiedBy) VALUES ('41b71453-5378-4851-bea8-264736a1e95d','Missa novena','2024-01-30 06:00:00','55b90350-c801-4c72-aea1-0a803df6aa19','a9ffabe5-98e7-4618-b6d9-84b6cbc5314e','ece095e7-b3c9-4eb5-98b7-96a021052d0c','fec8ab8a-28b3-4314-a106-38d618f4f19e',1,NULL,'2023-12-13 15:04:04','8cb117c1-0a0a-42ef-a109-64278c8aee6b',NULL);
INSERT INTO day (id, name, date, cameraOne, cameraTwo, cutDesk, month, isEnable, modifiedOn, createdOn, createdBy, modifiedBy) VALUES ('41bdf2e3-3628-4695-b873-1f435cc3ee70','Missa novena 01','2023-10-03 00:00:00','83c6f2d5-d3a6-401e-b292-11d212213d94','1467d3c0-00a3-4395-aba1-28894cef1128','839f3799-9268-4f2e-9906-2905fbf7dbd8','7e33bd63-8d88-490e-b625-c96caa72dcfe',1,NULL,'2023-09-13 21:43:39','b669c04b-8864-41e6-9075-bf53689616f9',NULL);
INSERT INTO day (id, name, date, cameraOne, cameraTwo, cutDesk, month, isEnable, modifiedOn, createdOn, createdBy, modifiedBy) VALUES ('437157c7-3d7f-4888-9eff-2612e6206b43','Missa novena','2023-11-29 00:00:00','6dbe27f8-fdf4-45e7-a072-1f7bfe7075d5','b58225d5-15cc-44fb-95fe-81c77aa6870d','55b90350-c801-4c72-aea1-0a803df6aa19','a02b2b00-9b49-47d3-a255-8bb00fe08e0e',1,NULL,'2023-11-03 23:10:30','846a5257-6b6b-4a20-ae85-abbb9c7b1db7',NULL);
INSERT INTO day (id, name, date, cameraOne, cameraTwo, cutDesk, month, isEnable, modifiedOn, createdOn, createdBy, modifiedBy) VALUES ('4ee19bab-36e2-4061-a31d-12a95d6a8f7d','Missa novena','2024-01-16 06:00:00','1467d3c0-00a3-4395-aba1-28894cef1128','83c6f2d5-d3a6-401e-b292-11d212213d94','a9ffabe5-98e7-4618-b6d9-84b6cbc5314e','fec8ab8a-28b3-4314-a106-38d618f4f19e',1,NULL,'2023-12-13 15:04:04','40a6909d-6c3f-4f60-8512-5b900b245d7a',NULL);
INSERT INTO day (id, name, date, cameraOne, cameraTwo, cutDesk, month, isEnable, modifiedOn, createdOn, createdBy, modifiedBy) VALUES ('4f2d2846-6b5e-4b15-9295-022b19109ed7','Missa 4º dia - festejos São Benedito','2023-06-04 19:00:00','b58225d5-15cc-44fb-95fe-81c77aa6870d','a9ffabe5-98e7-4618-b6d9-84b6cbc5314e','1467d3c0-00a3-4395-aba1-28894cef1128','3585bc69-ba6b-4e6a-bf6c-13c2f286b2bb',1,NULL,'2023-11-12 15:44:09','74e413bb-2e9e-4b23-a8f6-ee885af9210d',NULL);
INSERT INTO day (id, name, date, cameraOne, cameraTwo, cutDesk, month, isEnable, modifiedOn, createdOn, createdBy, modifiedBy) VALUES ('521955f1-480a-484a-9e0f-8e5f8c87e063','Missa 7º dia - festejos São Benedito','2023-06-07 19:00:00','d0cf6291-86c4-4c8c-b769-96540d1845d9','839f3799-9268-4f2e-9906-2905fbf7dbd8','515b43d4-d975-44da-89e0-a656a9d69cfa','3585bc69-ba6b-4e6a-bf6c-13c2f286b2bb',1,NULL,'2023-11-12 15:44:09','b82ea516-b0d9-4505-830b-a39e24127b5a',NULL);
INSERT INTO day (id, name, date, cameraOne, cameraTwo, cutDesk, month, isEnable, modifiedOn, createdOn, createdBy, modifiedBy) VALUES ('54a76df8-ee57-4b36-b880-a67796e37885','Missa por cura e libertação','2023-11-13 19:05:00','989ce330-76a5-476b-9a88-70d6c4a2793b','839f3799-9268-4f2e-9906-2905fbf7dbd8','1467d3c0-00a3-4395-aba1-28894cef1128','f688d0ac-adcb-40aa-883f-b0068e2fd0a5',1,NULL,'2023-10-27 11:36:54','98cbdab1-1214-44c7-97d3-8d10a4af8d95',NULL);
INSERT INTO day (id, name, date, cameraOne, cameraTwo, cutDesk, month, isEnable, modifiedOn, createdOn, createdBy, modifiedBy) VALUES ('55bda0c3-b9d1-45a9-b18a-af744b5296df','Missa dominical - 2º','2023-11-19 19:00:00','6dbe27f8-fdf4-45e7-a072-1f7bfe7075d5','ece095e7-b3c9-4eb5-98b7-96a021052d0c','a9ffabe5-98e7-4618-b6d9-84b6cbc5314e','33fcf207-fe46-4fe8-9323-4c0f65b2d502',1,NULL,'2023-11-12 17:45:23','3e6f23c0-7510-43ce-82e8-cf85604ba7d3',NULL);
INSERT INTO day (id, name, date, cameraOne, cameraTwo, cutDesk, month, isEnable, modifiedOn, createdOn, createdBy, modifiedBy) VALUES ('5a03491f-63b2-4631-ab59-218fd23cc04b','Missa novena','2024-01-23 06:00:00','1467d3c0-00a3-4395-aba1-28894cef1128','55b90350-c801-4c72-aea1-0a803df6aa19','2abd750c-6ddb-4be6-9b11-2958a6bb4450','fec8ab8a-28b3-4314-a106-38d618f4f19e',1,NULL,'2023-12-13 15:04:04','0c1c29b1-8820-48ca-b76e-433de440070c',NULL);
INSERT INTO day (id, name, date, cameraOne, cameraTwo, cutDesk, month, isEnable, modifiedOn, createdOn, createdBy, modifiedBy) VALUES ('5a593d7d-478c-4da7-b9d1-45ba92b765ac','Missa novena','2023-10-03 00:00:00','6dbe27f8-fdf4-45e7-a072-1f7bfe7075d5','989ce330-76a5-476b-9a88-70d6c4a2793b','515b43d4-d975-44da-89e0-a656a9d69cfa','b97d7a8b-1885-4a5f-906f-105db9eecf20',1,NULL,'2023-09-13 21:42:51','e4787f40-c96d-40c1-b27b-902a0a834581',NULL);
INSERT INTO day (id, name, date, cameraOne, cameraTwo, cutDesk, month, isEnable, modifiedOn, createdOn, createdBy, modifiedBy) VALUES ('5dedcec2-f745-464b-9618-8b962308d5c5','Missa dominical 01','2023-08-08 19:00:00','d0cf6291-86c4-4c8c-b769-96540d1845d9','6dbe27f8-fdf4-45e7-a072-1f7bfe7075d5','1467d3c0-00a3-4395-aba1-28894cef1128','33fcf207-fe46-4fe8-9323-4c0f65b2d502',0,NULL,'2023-07-26 08:51:48','535645bd-06b3-4cd5-a78f-55c7c17bd3a8',NULL);
INSERT INTO day (id, name, date, cameraOne, cameraTwo, cutDesk, month, isEnable, modifiedOn, createdOn, createdBy, modifiedBy) VALUES ('5fc0d368-b7a8-4c5b-9fa7-aab1138878c2','Missa dominical','2023-08-06 19:00:00','839f3799-9268-4f2e-9906-2905fbf7dbd8','d0cf6291-86c4-4c8c-b769-96540d1845d9','515b43d4-d975-44da-89e0-a656a9d69cfa','8aa449a9-fa45-4e02-8ff4-3e815d3d76d2',1,NULL,'2023-07-25 21:51:11','7ee3eeea-9720-472a-bc1b-a2b241fc3ed3',NULL);
INSERT INTO day (id, name, date, cameraOne, cameraTwo, cutDesk, month, isEnable, modifiedOn, createdOn, createdBy, modifiedBy) VALUES ('614ebafb-2146-42b5-a9a7-143e92b82809','Missa dominical 01','2023-10-01 00:00:00','ece095e7-b3c9-4eb5-98b7-96a021052d0c','55b90350-c801-4c72-aea1-0a803df6aa19','b58225d5-15cc-44fb-95fe-81c77aa6870d','7e33bd63-8d88-490e-b625-c96caa72dcfe',1,NULL,'2023-09-13 21:43:39','03af515a-0611-4828-9be7-bedbc1cfd64c',NULL);
INSERT INTO day (id, name, date, cameraOne, cameraTwo, cutDesk, month, isEnable, modifiedOn, createdOn, createdBy, modifiedBy) VALUES ('6244ec4b-d033-417f-be57-28920e8319e4','Missa 5º dia - festejos São Benedito','2023-06-05 19:00:00','7a7be00c-9dd4-4071-86c4-efcf038ddf97','83c6f2d5-d3a6-401e-b292-11d212213d94','2abd750c-6ddb-4be6-9b11-2958a6bb4450','3585bc69-ba6b-4e6a-bf6c-13c2f286b2bb',1,NULL,'2023-11-12 15:44:09','482d36d9-6f15-40b9-8cd0-4b339c72a189',NULL);
INSERT INTO day (id, name, date, cameraOne, cameraTwo, cutDesk, month, isEnable, modifiedOn, createdOn, createdBy, modifiedBy) VALUES ('69591add-5ed9-4a8b-9b04-0e1e6628d968','Missa 3º dia - festejos São Benedito','2023-06-03 19:00:00','6dbe27f8-fdf4-45e7-a072-1f7bfe7075d5','7a7be00c-9dd4-4071-86c4-efcf038ddf97','a9ffabe5-98e7-4618-b6d9-84b6cbc5314e','3585bc69-ba6b-4e6a-bf6c-13c2f286b2bb',1,NULL,'2023-11-12 15:31:49','1a4aaa46-a716-4602-afd7-94a2c3647b95',NULL);
INSERT INTO day (id, name, date, cameraOne, cameraTwo, cutDesk, month, isEnable, modifiedOn, createdOn, createdBy, modifiedBy) VALUES ('6d4102d0-d469-4993-9b2c-8bb7d775a78f','Missa por cura e libertação','2023-07-17 19:00:06','7a7be00c-9dd4-4071-86c4-efcf038ddf97','6dbe27f8-fdf4-45e7-a072-1f7bfe7075d5','55b90350-c801-4c72-aea1-0a803df6aa19','94ac24f9-01fc-4abe-ba25-c1d714915955',1,NULL,'2023-07-11 21:39:19','506e57fb-c1f2-439d-86dc-7cfa04a89530',NULL);
INSERT INTO day (id, name, date, cameraOne, cameraTwo, cutDesk, month, isEnable, modifiedOn, createdOn, createdBy, modifiedBy) VALUES ('6da4c26e-0658-452f-af85-f1a0758e5038','Missa dominical','2023-08-07 19:00:00','989ce330-76a5-476b-9a88-70d6c4a2793b','83c6f2d5-d3a6-401e-b292-11d212213d94','1467d3c0-00a3-4395-aba1-28894cef1128','8aa449a9-fa45-4e02-8ff4-3e815d3d76d2',1,NULL,'2023-07-25 21:51:11','14f019a8-2404-4d50-a7c4-cafb22561c41',NULL);
INSERT INTO day (id, name, date, cameraOne, cameraTwo, cutDesk, month, isEnable, modifiedOn, createdOn, createdBy, modifiedBy) VALUES ('700101ad-242b-4d22-b755-ef23d31eab74','Missa novena','2023-11-14 19:00:00','d0cf6291-86c4-4c8c-b769-96540d1845d9','6dbe27f8-fdf4-45e7-a072-1f7bfe7075d5','2abd750c-6ddb-4be6-9b11-2958a6bb4450','f688d0ac-adcb-40aa-883f-b0068e2fd0a5',1,NULL,'2023-10-27 11:36:54','30617c5e-119a-4d8d-b8c1-9c15c49d9827',NULL);
INSERT INTO day (id, name, date, cameraOne, cameraTwo, cutDesk, month, isEnable, modifiedOn, createdOn, createdBy, modifiedBy) VALUES ('78a6ba91-1cad-4805-a6e0-1c650aaf2419','Missa 1º dia - festejos São Benedito','2023-06-01 19:00:00','b58225d5-15cc-44fb-95fe-81c77aa6870d','7a7be00c-9dd4-4071-86c4-efcf038ddf97','3f7ad275-2dd6-4438-abd0-d29ca3eab0b2','3585bc69-ba6b-4e6a-bf6c-13c2f286b2bb',1,NULL,'2023-11-12 15:29:15','02b08435-7dc0-4ab3-aedd-e61bdffc2d72',NULL);
INSERT INTO day (id, name, date, cameraOne, cameraTwo, cutDesk, month, isEnable, modifiedOn, createdOn, createdBy, modifiedBy) VALUES ('7996bfd2-e3a8-4ee4-afe1-138ae6d70253','Missa por cura e libertação','2023-08-07 19:00:00','b58225d5-15cc-44fb-95fe-81c77aa6870d','839f3799-9268-4f2e-9906-2905fbf7dbd8','3f7ad275-2dd6-4438-abd0-d29ca3eab0b2','33fcf207-fe46-4fe8-9323-4c0f65b2d502',1,NULL,'2023-07-26 08:51:48','c21051f8-74d3-4cc6-8654-ad45d84ecd13',NULL);
INSERT INTO day (id, name, date, cameraOne, cameraTwo, cutDesk, month, isEnable, modifiedOn, createdOn, createdBy, modifiedBy) VALUES ('79fc8230-22ff-405b-af8d-30e5772256d9','Missa dominical','2023-12-03 19:00:00','d0cf6291-86c4-4c8c-b769-96540d1845d9','83c6f2d5-d3a6-401e-b292-11d212213d94','2abd750c-6ddb-4be6-9b11-2958a6bb4450','34f0df7f-2ded-4e24-b560-005a78f43662',1,NULL,'2023-12-07 20:24:43','a3848995-fabc-4eae-8712-611211d062fc',NULL);
INSERT INTO day (id, name, date, cameraOne, cameraTwo, cutDesk, month, isEnable, modifiedOn, createdOn, createdBy, modifiedBy) VALUES ('7ad06ea5-e93a-49bf-9167-867cc1120649','Missa 8º dia - festejos São Benedito','2023-06-08 19:00:00','7a7be00c-9dd4-4071-86c4-efcf038ddf97','6dbe27f8-fdf4-45e7-a072-1f7bfe7075d5','1467d3c0-00a3-4395-aba1-28894cef1128','3585bc69-ba6b-4e6a-bf6c-13c2f286b2bb',1,NULL,'2023-11-12 15:44:09','b0f4d59a-f03e-4574-8192-069fa39fe74e',NULL);
INSERT INTO day (id, name, date, cameraOne, cameraTwo, cutDesk, month, isEnable, modifiedOn, createdOn, createdBy, modifiedBy) VALUES ('7b9e4779-320d-4e99-aa5c-3d1d7c10a813','Missa por cura e libertação','2023-11-06 19:00:00','83c6f2d5-d3a6-401e-b292-11d212213d94','ece095e7-b3c9-4eb5-98b7-96a021052d0c','55b90350-c801-4c72-aea1-0a803df6aa19','f688d0ac-adcb-40aa-883f-b0068e2fd0a5',1,NULL,'2023-10-27 11:36:54','acddf3b7-a471-4a51-90fc-a28206175303',NULL);
INSERT INTO day (id, name, date, cameraOne, cameraTwo, cutDesk, month, isEnable, modifiedOn, createdOn, createdBy, modifiedBy) VALUES ('857db04f-0aa3-4950-8a8d-a26764cee493','Missa dominical 2','2023-08-07 19:00:00','d0cf6291-86c4-4c8c-b769-96540d1845d9','7a7be00c-9dd4-4071-86c4-efcf038ddf97','2abd750c-6ddb-4be6-9b11-2958a6bb4450','175de620-3be7-470a-9a72-63ac38870ce0',1,NULL,'2023-11-03 22:58:50','5795689e-0894-4397-94e5-39ab78e9a510',NULL);
INSERT INTO day (id, name, date, cameraOne, cameraTwo, cutDesk, month, isEnable, modifiedOn, createdOn, createdBy, modifiedBy) VALUES ('869d86e5-3500-447d-a80f-c713dc6e98dc','Missa por cura e libertação','2023-12-18 04:00:00','839f3799-9268-4f2e-9906-2905fbf7dbd8','ece095e7-b3c9-4eb5-98b7-96a021052d0c','2abd750c-6ddb-4be6-9b11-2958a6bb4450','9c44374e-4fc8-4632-9f6d-71814ff0acd6',1,NULL,'2023-12-13 14:07:43','a2b98a66-1beb-40f6-a6b2-e754c318269b',NULL);
INSERT INTO day (id, name, date, cameraOne, cameraTwo, cutDesk, month, isEnable, modifiedOn, createdOn, createdBy, modifiedBy) VALUES ('86c9b441-78d5-4914-94bc-e6e8943860a1','two updated','2023-07-16 19:00:06','83c6f2d5-d3a6-401e-b292-11d212213d94','6dbe27f8-fdf4-45e7-a072-1f7bfe7075d5','515b43d4-d975-44da-89e0-a656a9d69cfa','a02b2b00-9b49-47d3-a255-8bb00fe08e0e',0,NULL,'2023-11-03 16:20:33','c5ed674b-1fe4-4ed6-b7e3-e402573292e1',NULL);
INSERT INTO day (id, name, date, cameraOne, cameraTwo, cutDesk, month, isEnable, modifiedOn, createdOn, createdBy, modifiedBy) VALUES ('8e14502e-3bf8-4e35-a7b4-fa319f828f26','Missa dominical 3','2023-08-08 19:00:00','d0cf6291-86c4-4c8c-b769-96540d1845d9','839f3799-9268-4f2e-9906-2905fbf7dbd8','1467d3c0-00a3-4395-aba1-28894cef1128','175de620-3be7-470a-9a72-63ac38870ce0',1,NULL,'2023-11-03 22:58:50','c80afd80-5e42-4884-8491-f0e94caae5ba',NULL);
INSERT INTO day (id, name, date, cameraOne, cameraTwo, cutDesk, month, isEnable, modifiedOn, createdOn, createdBy, modifiedBy) VALUES ('90968a0d-1630-44bf-902e-016b2da53b9f','Missa dominical','2023-10-15 19:00:00','d0cf6291-86c4-4c8c-b769-96540d1845d9','ece095e7-b3c9-4eb5-98b7-96a021052d0c','2abd750c-6ddb-4be6-9b11-2958a6bb4450','a02b2b00-9b49-47d3-a255-8bb00fe08e0e',1,NULL,'2023-11-03 23:32:24','de9f9899-a7cb-4f89-bd6b-30545ee41f11',NULL);
INSERT INTO day (id, name, date, cameraOne, cameraTwo, cutDesk, month, isEnable, modifiedOn, createdOn, createdBy, modifiedBy) VALUES ('91e542c4-00fb-47ce-806a-9529e731afed','Missa por cura e libertação','2024-01-29 07:00:00','55b90350-c801-4c72-aea1-0a803df6aa19','a9ffabe5-98e7-4618-b6d9-84b6cbc5314e','839f3799-9268-4f2e-9906-2905fbf7dbd8','fec8ab8a-28b3-4314-a106-38d618f4f19e',1,NULL,'2023-12-13 15:04:04','7da6a65b-7b0b-487c-bd3b-a7244f4e4031',NULL);
INSERT INTO day (id, name, date, cameraOne, cameraTwo, cutDesk, month, isEnable, modifiedOn, createdOn, createdBy, modifiedBy) VALUES ('9566291a-8f71-4a81-9f27-997cf3bbb543','Missa dominical','2023-07-16 19:00:00','989ce330-76a5-476b-9a88-70d6c4a2793b','d0cf6291-86c4-4c8c-b769-96540d1845d9','3f7ad275-2dd6-4438-abd0-d29ca3eab0b2','94ac24f9-01fc-4abe-ba25-c1d714915955',1,NULL,'2023-07-11 21:39:19','8f22a1e6-d784-4ee8-b593-82c4ddc1e049',NULL);
INSERT INTO day (id, name, date, cameraOne, cameraTwo, cutDesk, month, isEnable, modifiedOn, createdOn, createdBy, modifiedBy) VALUES ('96e86582-e4bd-4e3e-a5ae-4fdc785a7712','Missa dominical - 1º ','2023-08-06 19:00:00','d0cf6291-86c4-4c8c-b769-96540d1845d9','83c6f2d5-d3a6-401e-b292-11d212213d94','55b90350-c801-4c72-aea1-0a803df6aa19','33fcf207-fe46-4fe8-9323-4c0f65b2d502',1,NULL,'2023-07-26 08:51:48','8d2298ec-57aa-451e-8b9e-d8deadeda4da',NULL);
INSERT INTO day (id, name, date, cameraOne, cameraTwo, cutDesk, month, isEnable, modifiedOn, createdOn, createdBy, modifiedBy) VALUES ('9860f052-fe20-42f5-90db-f448989f24ab','Missa 6º dia - festejos São Benedito','2023-06-06 19:00:00','d0cf6291-86c4-4c8c-b769-96540d1845d9','b58225d5-15cc-44fb-95fe-81c77aa6870d','a9ffabe5-98e7-4618-b6d9-84b6cbc5314e','3585bc69-ba6b-4e6a-bf6c-13c2f286b2bb',1,NULL,'2023-11-12 15:44:09','b9ff5095-59ba-41ca-9e74-3fcaa13d20ce',NULL);
INSERT INTO day (id, name, date, cameraOne, cameraTwo, cutDesk, month, isEnable, modifiedOn, createdOn, createdBy, modifiedBy) VALUES ('9bf5b271-f6f3-4051-b196-a04fd21bc5fe','Missa dominical','2023-11-05 19:00:00','d0cf6291-86c4-4c8c-b769-96540d1845d9','b58225d5-15cc-44fb-95fe-81c77aa6870d','3f7ad275-2dd6-4438-abd0-d29ca3eab0b2','f688d0ac-adcb-40aa-883f-b0068e2fd0a5',1,NULL,'2023-10-27 11:36:54','5f20cc47-2cc5-482e-9430-914b590cfb68',NULL);
INSERT INTO day (id, name, date, cameraOne, cameraTwo, cutDesk, month, isEnable, modifiedOn, createdOn, createdBy, modifiedBy) VALUES ('ac694e61-c15f-47ae-98f9-918f9ae80577','Missa por cura e libertação','2023-12-25 04:00:00','989ce330-76a5-476b-9a88-70d6c4a2793b','b58225d5-15cc-44fb-95fe-81c77aa6870d','1467d3c0-00a3-4395-aba1-28894cef1128','9c44374e-4fc8-4632-9f6d-71814ff0acd6',1,NULL,'2023-12-13 14:07:43','a5f4ea30-a191-427c-a91b-6eeec64ebbd6',NULL);
INSERT INTO day (id, name, date, cameraOne, cameraTwo, cutDesk, month, isEnable, modifiedOn, createdOn, createdBy, modifiedBy) VALUES ('aec96ed4-3190-4006-983d-61e588c06f6b','Missa novena','2024-01-09 06:00:00','6dbe27f8-fdf4-45e7-a072-1f7bfe7075d5','989ce330-76a5-476b-9a88-70d6c4a2793b','ece095e7-b3c9-4eb5-98b7-96a021052d0c','fec8ab8a-28b3-4314-a106-38d618f4f19e',1,NULL,'2023-12-13 15:04:04','e74e346c-0957-4989-ac51-062a37019860',NULL);
INSERT INTO day (id, name, date, cameraOne, cameraTwo, cutDesk, month, isEnable, modifiedOn, createdOn, createdBy, modifiedBy) VALUES ('b2088bda-92e7-4a30-89e9-dc217d0afda3','Missa por cura e libertação 01','2023-10-02 00:00:00','55b90350-c801-4c72-aea1-0a803df6aa19','6dbe27f8-fdf4-45e7-a072-1f7bfe7075d5','3f7ad275-2dd6-4438-abd0-d29ca3eab0b2','7e33bd63-8d88-490e-b625-c96caa72dcfe',1,NULL,'2023-09-13 21:43:39','f3c5683f-a4b7-4566-81e4-8dddddc7341b',NULL);
INSERT INTO day (id, name, date, cameraOne, cameraTwo, cutDesk, month, isEnable, modifiedOn, createdOn, createdBy, modifiedBy) VALUES ('b39a4c1d-fce3-454a-9ff6-06cbd509a75b','Missa dominical 2','2023-08-07 19:00:00','d0cf6291-86c4-4c8c-b769-96540d1845d9','7a7be00c-9dd4-4071-86c4-efcf038ddf97','2abd750c-6ddb-4be6-9b11-2958a6bb4450','175de620-3be7-470a-9a72-63ac38870ce0',1,NULL,'2023-08-18 22:06:50','461e7d9f-e66c-4c19-9095-58c63d59c72a',NULL);
INSERT INTO day (id, name, date, cameraOne, cameraTwo, cutDesk, month, isEnable, modifiedOn, createdOn, createdBy, modifiedBy) VALUES ('bf584321-a6c4-44e3-9dce-88e5c2f61268','Missa dominical 02','2023-08-17 19:00:00','d0cf6291-86c4-4c8c-b769-96540d1845d9','6dbe27f8-fdf4-45e7-a072-1f7bfe7075d5','2abd750c-6ddb-4be6-9b11-2958a6bb4450','3644324a-fa5c-4f62-be80-1ad625dab24b',1,NULL,'2023-08-16 21:28:27','e39de7a0-f3a1-4e81-8cdd-b34c9b72ae7b',NULL);
INSERT INTO day (id, name, date, cameraOne, cameraTwo, cutDesk, month, isEnable, modifiedOn, createdOn, createdBy, modifiedBy) VALUES ('c901b3b2-ea65-47f6-be41-0ed488ab686e','Missa dominical','2024-01-07 07:00:00','7a7be00c-9dd4-4071-86c4-efcf038ddf97','b58225d5-15cc-44fb-95fe-81c77aa6870d','2abd750c-6ddb-4be6-9b11-2958a6bb4450','fec8ab8a-28b3-4314-a106-38d618f4f19e',1,NULL,'2023-12-13 15:04:04','35fe90e1-c0f0-4731-8d1f-56aeffe2911a',NULL);
INSERT INTO day (id, name, date, cameraOne, cameraTwo, cutDesk, month, isEnable, modifiedOn, createdOn, createdBy, modifiedBy) VALUES ('cf6f3ddd-5469-436f-b1b3-7231180da38a','Missa dominical','2024-01-28 07:00:00','839f3799-9268-4f2e-9906-2905fbf7dbd8','7a7be00c-9dd4-4071-86c4-efcf038ddf97','55b90350-c801-4c72-aea1-0a803df6aa19','fec8ab8a-28b3-4314-a106-38d618f4f19e',1,NULL,'2023-12-13 15:04:04','e7e9d33d-8265-446d-bfc4-ad97cf181ecc',NULL);
INSERT INTO day (id, name, date, cameraOne, cameraTwo, cutDesk, month, isEnable, modifiedOn, createdOn, createdBy, modifiedBy) VALUES ('d1ba47ea-88d3-45aa-8f59-e60d9282011c','Missa novena','2023-11-07 19:00:00','d0cf6291-86c4-4c8c-b769-96540d1845d9','7a7be00c-9dd4-4071-86c4-efcf038ddf97','515b43d4-d975-44da-89e0-a656a9d69cfa','f688d0ac-adcb-40aa-883f-b0068e2fd0a5',1,NULL,'2023-10-27 11:36:54','753c7f4b-f60c-42dd-abd9-027c7ad8c057',NULL);
INSERT INTO day (id, name, date, cameraOne, cameraTwo, cutDesk, month, isEnable, modifiedOn, createdOn, createdBy, modifiedBy) VALUES ('d91f9239-067d-4d5c-94bc-e2d954b2f93a','Missa novena','2023-07-25 19:00:06','83c6f2d5-d3a6-401e-b292-11d212213d94','6dbe27f8-fdf4-45e7-a072-1f7bfe7075d5','515b43d4-d975-44da-89e0-a656a9d69cfa','94ac24f9-01fc-4abe-ba25-c1d714915955',1,NULL,'2023-07-11 21:39:19','4513e50d-931d-4fd9-89a2-41fbac4328fb',NULL);
INSERT INTO day (id, name, date, cameraOne, cameraTwo, cutDesk, month, isEnable, modifiedOn, createdOn, createdBy, modifiedBy) VALUES ('dfe4909f-4efa-4c11-9bbb-7f9705b33b08','Missa por cura e libertação','2023-12-04 00:00:00','b58225d5-15cc-44fb-95fe-81c77aa6870d','ece095e7-b3c9-4eb5-98b7-96a021052d0c','a9ffabe5-98e7-4618-b6d9-84b6cbc5314e','34f0df7f-2ded-4e24-b560-005a78f43662',1,NULL,'2023-12-07 20:24:43','effd1d9c-b521-4793-b6ea-f700d0609b5a',NULL);
INSERT INTO day (id, name, date, cameraOne, cameraTwo, cutDesk, month, isEnable, modifiedOn, createdOn, createdBy, modifiedBy) VALUES ('e5c80f8f-edb4-4bda-88cf-a68f15f908ca','Missa por cura e libertação','2023-12-11 04:00:00','ece095e7-b3c9-4eb5-98b7-96a021052d0c','6dbe27f8-fdf4-45e7-a072-1f7bfe7075d5','3f7ad275-2dd6-4438-abd0-d29ca3eab0b2','9c44374e-4fc8-4632-9f6d-71814ff0acd6',1,NULL,'2023-12-13 14:07:43','14c07f2c-5f3b-456f-940a-49c48956c6a8',NULL);
INSERT INTO day (id, name, date, cameraOne, cameraTwo, cutDesk, month, isEnable, modifiedOn, createdOn, createdBy, modifiedBy) VALUES ('e8a2f8b5-162e-4ed1-aa5b-e7e338696aba','Missa por cura e libertação','2024-01-01 07:00:00','839f3799-9268-4f2e-9906-2905fbf7dbd8','6dbe27f8-fdf4-45e7-a072-1f7bfe7075d5','55b90350-c801-4c72-aea1-0a803df6aa19','fec8ab8a-28b3-4314-a106-38d618f4f19e',1,NULL,'2023-12-13 15:04:04','8c166043-5026-40e5-b882-02e59b536ca7',NULL);
INSERT INTO day (id, name, date, cameraOne, cameraTwo, cutDesk, month, isEnable, modifiedOn, createdOn, createdBy, modifiedBy) VALUES ('ed4e88ae-708d-4af7-9d3e-bc86a756dbf3','Missa dominical','2024-01-21 07:00:00','55b90350-c801-4c72-aea1-0a803df6aa19','3f7ad275-2dd6-4438-abd0-d29ca3eab0b2','7a7be00c-9dd4-4071-86c4-efcf038ddf97','fec8ab8a-28b3-4314-a106-38d618f4f19e',1,NULL,'2023-12-13 15:04:04','688cedc5-042a-4997-9f9d-d2f43f32768f',NULL);
INSERT INTO day (id, name, date, cameraOne, cameraTwo, cutDesk, month, isEnable, modifiedOn, createdOn, createdBy, modifiedBy) VALUES ('f602d626-3aa8-4fc9-b517-1c478b043632','Missa por cura e libertação','2023-12-04 04:00:00','d0cf6291-86c4-4c8c-b769-96540d1845d9','839f3799-9268-4f2e-9906-2905fbf7dbd8','a9ffabe5-98e7-4618-b6d9-84b6cbc5314e','9c44374e-4fc8-4632-9f6d-71814ff0acd6',1,NULL,'2023-12-13 14:07:43','89e618a3-3556-4c33-b62c-bd2d5423321c',NULL);
INSERT INTO day (id, name, date, cameraOne, cameraTwo, cutDesk, month, isEnable, modifiedOn, createdOn, createdBy, modifiedBy) VALUES ('f7a453f8-16a5-4058-8d84-f33d3e87a781','Missa dominical','2023-11-23 00:00:00','839f3799-9268-4f2e-9906-2905fbf7dbd8','d0cf6291-86c4-4c8c-b769-96540d1845d9','3f7ad275-2dd6-4438-abd0-d29ca3eab0b2','a02b2b00-9b49-47d3-a255-8bb00fe08e0e',1,NULL,'2023-11-03 23:04:32','d56ede66-12a3-4c2b-b44f-7b2efb825c08',NULL);
INSERT INTO day (id, name, date, cameraOne, cameraTwo, cutDesk, month, isEnable, modifiedOn, createdOn, createdBy, modifiedBy) VALUES ('f8bc59ee-9c37-4f32-b894-e7785a921fe4','Missa 9º dia - festejos São Benedito','2023-06-09 19:00:00','a9ffabe5-98e7-4618-b6d9-84b6cbc5314e','989ce330-76a5-476b-9a88-70d6c4a2793b','7a7be00c-9dd4-4071-86c4-efcf038ddf97','3585bc69-ba6b-4e6a-bf6c-13c2f286b2bb',1,NULL,'2023-11-12 15:44:09','1ab0fa43-65f3-4635-b401-0c611aae727a',NULL);
INSERT INTO day (id, name, date, cameraOne, cameraTwo, cutDesk, month, isEnable, modifiedOn, createdOn, createdBy, modifiedBy) VALUES ('ff91a78e-d6d0-4d66-b80b-112406cd3d8c','one updated 1','2023-07-09 19:00:00','1467d3c0-00a3-4395-aba1-28894cef1128','2abd750c-6ddb-4be6-9b11-2958a6bb4450','3f7ad275-2dd6-4438-abd0-d29ca3eab0b2','a02b2b00-9b49-47d3-a255-8bb00fe08e0e',0,NULL,'2023-07-08 16:36:27','558a8229-a52b-4cdf-b818-7e1c572d398f',NULL);

